PRODUCT_ID,ERP_CODE,NCC_CODE,COMPANY,COMPANY_CODE,PRODUCT_NAME,PRICE,FOREIGN_CURRENCY,COEFFICIENT_EW
1,1108CL,1108CL,PARR,PAR,Bình đốt oxy,"3,600.00",USD,85%
2,HP00000PRO4003DN,PRO4003DN,HP,HP,Máy in Laser đen trắng HP 4003dn,"6,200,000.00",VND,100%
3,DEL0000006FM7X11,6FM7X11,DELL,DEL,Máy tính để bàn đồng bộ Dell Vostro 3020T (i5-13400 | RAM 8G/3200| SSD 512GB | KB_M | Windows 11 Home | 1Yr),"12,800,000.00",VND,100%
5,DEL0000000E2423H,E2423H,DELL,DEL,Màn hình Dell E2423H 23.8 inch,"2,500,000.00",VND,100%
7,RGK000000092002G,9200/2G,RIGAKU,RGK,"Glass sample holder, depth 0.2mm　20pcs/set","21,769.00",JPY,80%
8,RGK000000092005G,9200/5G,RIGAKU,RGK,"Glass sample holder, depth 0.5mm　20pcs/set","26,190.00",JPY,80%
9,RGK000000845317G,845317G,RIGAKU,RGK,Vòng định tâm Al (cao 20 mm):,"1,169.00",JPY,80%
10,RGK000002455F503,2455F503,RIGAKU,RGK,"Alminum sample holder for ASC, depth 0.2mm, 10pcs/set","79,439.00",JPY,80%
11,RGK000002455F504,2455F504,RIGAKU,RGK,"Alminum sample holder for ASC, depth 0.5mm, 10pcs/set","60,537.00",JPY,80%
12,RGK000003006B023,3006B023,RIGAKU,RGK,Tinh thể LiF(220) cho Cr - Cm: độ phân giải cao (không có SQX),"531,092.00",JPY,80%
13,RGK000003006B024,3006B024,RIGAKU,RGK,Tinh thể RX4: chỉ dành cho Si; độ nhạy cao (SQX không có sẵn),"846,667.00",JPY,80%
14,RGK000003006B025,3006B025,RIGAKU,RGK,"Tinh thể RX9: cho P, S, Cl; độ nhạy cao (SQX không có sẵn)","609,368.00",JPY,80%
15,RGK000003006B026,3006B026,RIGAKU,RGK,Tinh thể RX35: cho O – Mg; độ nhạy cao,"252,146.00",JPY,80%
16,RGK000003006B027,3006B027,RIGAKU,RGK,Tinh thể RX40: cho O và N; yêu cầu khe mở rộng,"215,556.00",JPY,80%
17,RGK000003006B028,3006B028,RIGAKU,RGK,Tinh thể RX45: chỉ dành cho N,"401,698.00",JPY,80%
18,RGK000003006B029,3006B029,RIGAKU,RGK,Tinh thể RX61: cho C (và B); yêu cầu khe mở rộng,"300,032.00",JPY,80%
19,RGK000003006B030,3006B030,RIGAKU,RGK,Tinh thể RX61F: chỉ dành cho C; yêu cầu khe mở rộng,"280,302.00",JPY,80%
20,RGK000003006B031,3006B031,RIGAKU,RGK,Tinh thể RX75: dành cho B và Be; yêu cầu khe mở rộng,"473,333.00",JPY,80%
21,RGK000003006B034,3006B034,RIGAKU,RGK,"Tinh thể Ge cho phân tích P,S, Cl; tốt hơn tinh thể PET","71,756.00",JPY,80%
22,RGK000003006B101,3006B101,RIGAKU,RGK,"Khe mở rộng cần thiết cho RX40, RX61, RX61F, RX75 và RX85","83,492.00",JPY,80%
23,RGK000003006B114,3006B114,RIGAKU,RGK,Phần mềm SQX,"158,730.00",JPY,80%
24,RGK000003006B115,3006B115,RIGAKU,RGK,Chức năng thư viện phù hợp,"15,873.00",JPY,80%
25,RGK000003006B116,3006B116,RIGAKU,RGK,Bộ phụ kiện của Phương pháp FP phân tán cho mẫu bột và Polymer,"108,895.00",JPY,80%
26,RGK000003006B117,3006B117,RIGAKU,RGK,Chức năng xác định vật liệu,"15,873.00",JPY,80%
27,RGK000003006B118,3006B118,RIGAKU,RGK,Phương pháp phân tán định lượng FP,"31,746.00",JPY,80%
28,RGK000003006B119,3006B119,RIGAKU,RGK,Chức năng hiệu chỉnh chồng phổ định lượng FP,"31,746.00",JPY,80%
29,RGK000003006B120,3006B120,RIGAKU,RGK,Chức năng hiệu chỉnh mẫu nung chảy,"79,365.00",JPY,80%
30,RGK000003006B121,3006B121,RIGAKU,RGK,Chương trình điều chỉnh phí,"222,222.00",JPY,80%
31,RGK000003006B141,3006B141,RIGAKU,RGK,Bộ phận loại bỏ Oxygen cho nước làm mát,"517,019.00",JPY,80%
32,RGK000003006B147,3006B147,RIGAKU,RGK,Giá đỡ mẫu khí heli không có mặt nạ,"24,825.00",JPY,80%
33,RGK000003006B148,3006B148,RIGAKU,RGK,Phương pháp FP phân tán SQX,"79,365.00",JPY,80%
34,RGK000003006B149,3006B149,RIGAKU,RGK,Phần mềm vận hành tự động,"79,365.00",JPY,80%
35,RGK000003006B204,3006B204,RIGAKU,RGK,Bộ hướng dẫn sử dụng giấy bổ sung (tiếng Nhật),"57,143.00",JPY,80%
36,RGK000003006B205,3006B205,RIGAKU,RGK,Bộ hướng dẫn sử dụng giấy bổ sung (tiếng Anh),"68,571.00",JPY,80%
37,RGK000003006B207,3006B207,RIGAKU,RGK,Bộ hướng dẫn sử dụng CD-R bổ sung (tiếng Nhật),"34,286.00",JPY,80%
38,RGK000003006B208,3006B208,RIGAKU,RGK,Bộ hướng dẫn sử dụng CD-R bổ sung (tiếng Anh),"34,286.00",JPY,80%
39,RGK000003006C009,3006C009,RIGAKU,RGK,Phần mềm chuyển đổi ngôn ngữ: tiếng Anh và tiếng Nhật,"12,698.00",JPY,80%
40,RGK000003006C012,3006C012,RIGAKU,RGK,"Gói ứng dụng ""Thép hợp kim thấp, Thép không gỉ""","1,450,159.00",JPY,80%
41,RGK000003006C030,3006C030,RIGAKU,RGK,Gói ứng dụng “Đất sét (Vật liệu chịu lửa)”; phương pháp nung chảy,"739,365.00",JPY,80%
42,RGK000003006C036,3006C036,RIGAKU,RGK,Gói ứng dụng “Silica (Vật liệu chịu lửa)”; phương pháp nung chảy,"512,698.00",JPY,80%
43,RGK000003006C048,3006C048,RIGAKU,RGK,"Gói ứng dụng ""Magnesia (Vật liệu chịu lửa)""; phương pháp nung chảy","493,016.00",JPY,80%
44,RGK000003006C054,3006C054,RIGAKU,RGK,"Gói ứng dụng ""Chrome-magnesia (Vật liệu chịu lửa)""; phương pháp nung chảy","659,365.00",JPY,80%
45,RGK000003006C060,3006C060,RIGAKU,RGK,"Gói ứng dụng ""Zircon-zirconia (Vật liệu chịu lửa)""; phương pháp nung chảy","572,698.00",JPY,80%
46,RGK000003006C102,3006C102,RIGAKU,RGK,"Thư viện kết hợp chính ""Mẫu môi trường""","11,746.00",JPY,80%
47,RGK000003006C104,3006C104,RIGAKU,RGK,"Thư viện kết hợp chính ""Thép công cụ, Thép gió""","11,746.00",JPY,80%
48,RGK000003006C106,3006C106,RIGAKU,RGK,"Thư viện kết hợp chính ""Thép hợp kim thấp, Thép không gỉ""","11,746.00",JPY,80%
49,RGK000003006C108,3006C108,RIGAKU,RGK,"Thư viện kết hợp chính ""Đá (bột ép)""","11,746.00",JPY,80%
50,RGK000003008B103,3008B103,RIGAKU,RGK,Bộ lọc Be để bảo vệ ống tia X,"122,111.00",JPY,80%
51,RGK000003008B138,3008B138,RIGAKU,RGK,"Giá đỡ mẫu có lò xo để đẩy mẫu, không có mặt nạ","28,917.00",JPY,80%
52,RGK000003008B139,3008B139,RIGAKU,RGK,"Phương pháp FP phân tán SQX cho chất lỏng, bột và polymer","252,063.00",JPY,80%
53,RGK000003008B141,3008B141,RIGAKU,RGK,Phương pháp FP phân tán SQX cho bột và polymer,"157,778.00",JPY,80%
54,RGK000003009B012,3009B012,RIGAKU,RGK,Bộ giữ mẫu trong môi trường chân không,"15,689.00",JPY,80%
55,RGK000003009B013,3009B013,RIGAKU,RGK,Bộ giữ mẫu cho môi trường heli và chân không,"26,187.00",JPY,80%
56,RGK00000300AB006,300AB006,RIGAKU,RGK,Chức năng nhận lệnh LIMS,"47,619.00",JPY,80%
57,RGK00000300AB008,300AB008,RIGAKU,RGK,Bộ lọc nước làm mát bên ngoài,"106,990.00",JPY,80%
58,RGK00000300AB011,300AB011,RIGAKU,RGK,Bộ van điều áp bình khí P-10 có ren bên phải,"74,921.00",JPY,80%
59,RGK00000300AC002,300AC002,RIGAKU,RGK,"Gói hiệu chuẩn ""Hợp kim gốc FeNiCo""","1,434,286.00",JPY,80%
60,RGK000003016B001,3016B001,RIGAKU,RGK,"Bộ lọc Zr; để cắt các đường tán xạ Pd-K từ ống, dùng để phân tích Cd, Pd, Ag, Rh",0.00,JPY,80%
61,RGK000003016B002,3016B002,RIGAKU,RGK,"Bộ lọc Al; để cắt các đường tán xạ Pd-L khỏi ống, để phân tích K thấp (100 ppm hoặc thấp hơn)",0.00,JPY,80%
62,RGK000003016B003,3016B003,RIGAKU,RGK,Chức năng phân tán FP định lượng,"31,746.00",JPY,80%
63,RGK000003016B010,3016B010,RIGAKU,RGK,Chức năng thư viện phù hợp,"15,873.00",JPY,80%
64,RGK000003016B011,3016B011,RIGAKU,RGK,Chức năng nhận dạng vật liệu,"15,873.00",JPY,80%
65,RGK000003016B012,3016B012,RIGAKU,RGK,Chức năng hiệu chỉnh chồng chéo FP định lượng,"31,746.00",JPY,80%
66,RGK000003016B013,3016B013,RIGAKU,RGK,Chức năng hiệu chỉnh phương pháp nung chảy,"79,365.00",JPY,80%
67,RGK000003016B015,3016B015,RIGAKU,RGK,Vòng định tâm cho CH1540,"2,571.00",JPY,80%
68,RGK000003016B016,3016B016,RIGAKU,RGK,Vòng định tâm Al (cao 10 mm):,"2,511.00",JPY,80%
69,RGK000003016B017,3016B017,RIGAKU,RGK,Công cụ cài đặt mẫu: giúp người dùng đặt mẫu vào ngăn chứa,"7,420.00",JPY,80%
70,RGK00000301AB009,301AB009,RIGAKU,RGK,Phần mềm SQX,"158,730.00",JPY,80%
71,RGK00000301AB013,301AB013,RIGAKU,RGK,Phương pháp FP phân tán SQX (Chỉ dành cho bột),"47,619.00",JPY,80%
72,RGK000003038B009,3038B009,RIGAKU,RGK,Giá đỡ mẫu cho Tự động hóa,"83,170.00",JPY,80%
73,RGK000003199B011,3199B011,RIGAKU,RGK,"Cửa sổ F-PC 0,7μm PE, 3 cái/bộ cho kênh cố định",0.00,JPY,80%
74,RGK000003199S001,3199S001,RIGAKU,RGK,Bộ van điều áp bình khí P-10 có ren bên trái,"49,657.00",JPY,80%
75,RGK000003199S002,3199S002,RIGAKU,RGK,Bộ van điều áp bình khí P-10 có ren bên phải,"48,171.00",JPY,80%
76,RGK000003199S004,3199S004,RIGAKU,RGK,Bộ van điều áp bình khí heli có ren bên trái,"50,089.00",JPY,80%
77,RGK000003199S005,3199S005,RIGAKU,RGK,Bộ van điều áp bình khí Heli có ren bên phải,"48,181.00",JPY,80%
78,RGK000003199S007,3199S007,RIGAKU,RGK,Bộ điều chỉnh bình gas P-10 có vít bên trái,"107,494.00",JPY,80%
79,RGK000003199S008,3199S008,RIGAKU,RGK,Bộ điều chỉnh bình gas P-10 có vít bên phải,"40,645.00",JPY,80%
80,RGK000003199Z038,3199Z038,RIGAKU,RGK,Khay mẫu cho ASC (12 vị trí/bộ),"7,086.00",JPY,80%
81,RGK000003299A011,3299A011,RIGAKU,RGK,nhựa trao đổi ion; cho máy làm lạnh nội bộ,"18,544.00",JPY,80%
82,RGK000003299A102,3299A102,RIGAKU,RGK,Hộp lọc: dành cho bộ lọc (Cat.No.300AB008),"1,061.00",JPY,80%
83,RGK000003299Z004,3299Z004,RIGAKU,RGK,Phí đóng gói xuất khẩu,"1,333,333.00",JPY,80%
84,RGK000003299Z010,3299Z010,RIGAKU,RGK,Phí đóng gói xuất khẩu,"523,810.00",JPY,80%
85,RGK000003299Z041,3299Z041,RIGAKU,RGK,Nguồn cao áp 3 pha 200V,0.00,JPY,80%
86,RGK000003299Z042,3299Z042,RIGAKU,RGK,Nguồn cao áp 3 pha 220V,0.00,JPY,80%
87,RGK000003299Z043,3299Z043,RIGAKU,RGK,Nguồn cao áp 3 pha 380V,0.00,JPY,80%
88,RGK000003299Z047,3299Z047,RIGAKU,RGK,Nguồn cao áp 1 pha 220V,0.00,JPY,80%
89,RGK000003299Z048,3299Z048,RIGAKU,RGK,Nguồn cao áp 1 pha 230V,0.00,JPY,80%
90,RGK000003299Z049,3299Z049,RIGAKU,RGK,Nguồn cao áp 1 pha 240V,0.00,JPY,80%
91,RGK000003299Z050,3299Z050,RIGAKU,RGK,"Nguồn điện 1 pha, 100V – 120V",0.00,JPY,80%
92,RGK000003299Z051,3299Z051,RIGAKU,RGK,"Dây điện cho nguồn điện 1 pha, 200V – 240V",0.00,JPY,80%
93,RGK000003399B001,3399B001,RIGAKU,RGK,Giá đỡ mẫu không có mặt nạ,"19,555.00",JPY,80%
94,RGK000003399B003,3399B003,RIGAKU,RGK,Bộ giữ mẫu chuẩn không có chặn,"20,171.00",JPY,80%
95,RGK000003399C401,3399C401,RIGAKU,RGK,Cốc loại bỏ tán xạ ngược Al; bao gồm 2 miếng bọt biển,"12,952.00",JPY,80%
96,RGK000003399C402,3399C402,RIGAKU,RGK,Cốc loại bỏ tán xạ ngược Ti; bao gồm 2 miếng bọt biển,"16,060.00",JPY,80%
97,RGK000003399D003,3399D003,RIGAKU,RGK,Mặt nạ giữ mẫu SS Φ38: có đường kính mở 38mm,"4,200.00",JPY,80%
98,RGK000003399D004,3399D004,RIGAKU,RGK,Chặn mẫu SUS 30 mm,"3,667.00",JPY,80%
99,RGK000003399D006,3399D006,RIGAKU,RGK,Mặt nạ giữ mẫu SS Φ20: có đường kính mở 20mm,"4,133.00",JPY,80%
100,RGK000003399D008,3399D008,RIGAKU,RGK,Mặt nạ giữ mẫu SS Φ10: có lỗ mở đường kính 10 mm,"4,149.00",JPY,80%
101,RGK000003399D009,3399D009,RIGAKU,RGK,Mặt nạ giữ mẫu SS Φ5: có đường kính mở 5 mm,"3,692.00",JPY,80%
102,RGK000003399D013,3399D013,RIGAKU,RGK,Mặt nạ giữ mẫu Ti Φ30: [tiêu chuẩn] với đường kính 30mm. khai mạc,"7,025.00",JPY,80%
103,RGK000003399D017,3399D017,RIGAKU,RGK,Mặt nạ giữ mẫu hình chữ Y SS Φ10: có đường kính lỗ 10mm,"20,759.00",JPY,80%
104,RGK000003399D018,3399D018,RIGAKU,RGK,Mặt nạ giữ mẫu hình chữ Y SS Φ5: có đường kính lỗ 5mm,"20,759.00",JPY,80%
105,RGK000003399D020,3399D020,RIGAKU,RGK,Mặt nạ giữ mẫu Ti Φ25: có đường kính 25mm. khai mạc,"5,144.00",JPY,80%
106,RGK000003399D027,3399D027,RIGAKU,RGK,Mặt nạ giữ mẫu Ti Φ28: có đường kính 28mm. khai mạc,"5,144.00",JPY,80%
107,RGK000003399D030,3399D030,RIGAKU,RGK,"Mặt nạ giữ mẫu Ti Φ30: dành cho mẫu dạng tấm có gờ, đường kính 30mm. khai mạc","12,777.00",JPY,80%
108,RGK000003399F001,3399F001,RIGAKU,RGK,Công cụ hỗ trợ lắp ráp giá đỡ mẫu “9085-0068” cho chất lỏng,"13,356.00",JPY,80%
109,RGK000003399G001,3399G001,RIGAKU,RGK,"Cuộn màng polyester dày 6μm (tương tự Mylar): 8,6 cm x ~90 m","8,825.00",JPY,80%
110,RGK000003399M002,3399M002,RIGAKU,RGK,MicroCarry: 100 cái/bộ,"11,025.00",JPY,80%
111,RGK000003399M003,3399M003,RIGAKU,RGK,MicroCarry (OD 44 mm): 100 cái/bộ,"22,702.00",JPY,80%
112,RGK000003399N002,3399N002,RIGAKU,RGK,Cuộn màng Mylar CH100 dày 2.5μm: 7.6 cm x ~90 m,"58,556.00",JPY,80%
113,RGK000003399N005,3399N005,RIGAKU,RGK,Cuộn màng Mylar CH150 dày 3.6μm: 7.6 cm x ~90 m,"53,873.00",JPY,80%
114,RGK000003399N008,3399N008,RIGAKU,RGK,"Cuộn màng Mylar CH250 dày 6μm: 7,6 cm x ~90 m","44,502.00",JPY,80%
115,RGK000003399N015,3399N015,RIGAKU,RGK,"Cuộn màng Polypropylen CH425 dày 6μm: 7,6 cm x 91,4 m","63,575.00",JPY,80%
116,RGK000003399N023,3399N023,RIGAKU,RGK,"Cuộn màng Polypropylen CH475 dày 12μm: 7,6 cm x ~90 m","58,556.00",JPY,80%
117,RGK000003399N095,3399N095,RIGAKU,RGK,"Cốc mẫu lỏng PE CH1095: 100 cái/bộ, loại tay áo, có nắp đậy","53,667.00",JPY,80%
118,RGK000003399N107,3399N107,RIGAKU,RGK,"Cốc mẫu lỏng PE CH1095-20: 20 cái/bộ [dùng thử], loại tay áo, có nắp đậy","16,267.00",JPY,80%
119,RGK000003399N187,3399N187,RIGAKU,RGK,Cốc mẫu lỏng PE CH1540: 100 cái/bộ;,"52,333.00",JPY,80%
120,RGK000003399N202,3399N202,RIGAKU,RGK,"Nắp cốc mẫu chất lỏng CH1640: loại CH1540, 100 cái/bộ; có lỗ nhỏ","16,098.00",JPY,80%
121,RGK000003399N204,3399N204,RIGAKU,RGK,"Nắp cốc mẫu chất lỏng CH1640: loại CH1540, 20 cái/bộ; có lỗ nhỏ","4,768.00",JPY,80%
122,RGK000003399O011,3399O011,RIGAKU,RGK,Cốc loại bỏ tán xạ ngược acrylic; Không bao gồm 2 miếng bọt biển,"10,667.00",JPY,80%
123,RGK000003399O024,3399O024,RIGAKU,RGK,Bọt xốp polyurethane: 2 cái/bộ; một bộ cần thiết cho cốc mẫu lỏng,533.00,JPY,80%
124,RGK000003399O051,3399O051,RIGAKU,RGK,"Bộ giữ mẫu cho lượng bột rất nhỏ, RS540 (6 cái/bộ)","32,121.00",JPY,80%
125,RGK000003399O052,3399O052,RIGAKU,RGK,"Đệm mẫu hỗ trợ, RS540-10, cho RS540 (50 cái/bộ)","15,416.00",JPY,80%
126,RGK000003399O071,3399O071,RIGAKU,RGK,Bộ cốc bột mềm cho ống trên RS640: 6 cái/bộ,"50,190.00",JPY,80%
127,RGK000003399O092,3399O092,RIGAKU,RGK,"Bộ cốc mẫu cho các mẫu rất nhỏ, RS840","14,946.00",JPY,80%
128,RGK000003399O102,3399O102,RIGAKU,RGK,Nắp cốc mẫu lỏng RS950: 6 cái/bộ; phù hợp với CH1095 và CH2195,"48,000.00",JPY,80%
129,RGK000003399O103,3399O103,RIGAKU,RGK,Nắp cốc mẫu lỏn RS950-2: 2 cái/bộ; phù hợp với CH1095 và CH2195,"24,000.00",JPY,80%
130,RGK000003399O112,3399O112,RIGAKU,RGK,Vòng đệm RS1041: 6 cái/bộ,"13,333.00",JPY,80%
131,RGK000003399O133,3399O133,RIGAKU,RGK,"Miếng chèn bẫy bong bóng, RS1240-I: 10 cái/bộ","5,390.00",JPY,80%
132,RGK000003399O161,3399O161,RIGAKU,RGK,Bộ cốc mẫu RS1440,"10,702.00",JPY,80%
133,RGK000003399O181,3399O181,RIGAKU,RGK,Màng vi xốp (lưới sinh vật phù du)RS1440M: dùng cho bột rời trong chân không;,"7,422.00",JPY,80%
134,RGK000003399O182,3399O182,RIGAKU,RGK,Màng vi xốp RS1440S: dùng cho bột rời trong chân không;,"5,244.00",JPY,80%
135,RGK000003399O204,3399O204,RIGAKU,RGK,"UltraCarry RS1643: 10 chiếc/bộ [dùng thử], tốt hơn cho các bộ phận nặng","8,752.00",JPY,80%
136,RGK000003399O206,3399O206,RIGAKU,RGK,"UltraCarry RS1643-100: 100 cái/bộ, tốt hơn cho các vật nặng","81,695.00",JPY,80%
137,RGK000003399O207,3399O207,RIGAKU,RGK,"UltraCarry RS1650: 10 chiếc/bộ [dùng thử], tốt hơn cho các nguyên tố nhóm nặng","14,724.00",JPY,80%
138,RGK000003399O209,3399O209,RIGAKU,RGK,"UltraCarry RS1650-100: 100 cái/bộ, tốt hơn cho các nguyên tố nhóm nặng","64,210.00",JPY,80%
139,RGK000003399O251,3399O251,RIGAKU,RGK,Đồ gá lắp ráp cốc mẫu lỏng RS6000: dành cho cốc mẫu lỏng loại vòng khóa,"32,924.00",JPY,80%
140,RGK000003399O252,3399O252,RIGAKU,RGK,Bộ gá dán màng RS6020: dùng cho chất lỏng dạng hơi,"4,016.00",JPY,80%
141,RGK000003399O271,3399O271,RIGAKU,RGK,Màng microporous (lưới sinh vật phù du) RSHD-10: dùng cho bột rời trong chân không;,"46,089.00",JPY,80%
142,RGK000003399O298,3399O298,RIGAKU,RGK,"UltraCarry-Light RS1643L: 10 chiếc/bộ [dùng thử], ít tạp chất trong bộ lọc","13,968.00",JPY,80%
143,RGK000003399O300,3399O300,RIGAKU,RGK,"UltraCarry-Light RS1643L-100: 100 chiếc/bộ, ít tạp chất trong bộ lọc","70,879.00",JPY,80%
144,RGK000003399O301,3399O301,RIGAKU,RGK,"UltraCarry-Light RS1650L: 10 chiếc/bộ [dùng thử], ít tạp chất trong bộ lọc","9,276.00",JPY,80%
145,RGK000003399O303,3399O303,RIGAKU,RGK,"UltraCarry-Light RS1650L-100: 100 cái/bộ, ít tạp chất trong bộ lọc","69,276.00",JPY,80%
146,RGK000003399O606,3399O606,RIGAKU,RGK,"Cốc mẫu lỏng PE cho ống phát bên trên, RS1240D: 10 cái/bộ","7,829.00",JPY,80%
147,RGK000003399O608,3399O608,RIGAKU,RGK,Gói hiệu chuẩn “Xi măng (bột ép)”,"432,825.00",JPY,80%
148,RGK000003399O609,3399O609,RIGAKU,RGK,Gói hiệu chuẩn “Xi măng (bột ép)”,"431,770.00",JPY,80%
149,RGK000003399O610,3399O610,RIGAKU,RGK,"Gói hiệu chuẩn ""Xỉ sắt (bột ép)""","562,051.00",JPY,80%
150,RGK000003399O611,3399O611,RIGAKU,RGK,"Gói hiệu chuẩn ""hợp kim Ferro (bột ép)""","316,848.00",JPY,80%
151,RGK000003399O612,3399O612,RIGAKU,RGK,"Gói hiệu chuẩn ""hợp kik Ferro và Ferro Bo (bột ép)""","586,667.00",JPY,80%
152,RGK000003399O613,3399O613,RIGAKU,RGK,"Gói hiệu chuẩn ""Hợp kim Ferro (bột ép)""","480,654.00",JPY,80%
153,RGK000003399P001,3399P001,RIGAKU,RGK,Màng xốp (lưới sinh vật phù du) HD-10: dùng cho bột rời trong chân không;,"140,952.00",JPY,80%
154,RGK0000089973902,8997-3902,RIGAKU,RGK,Vòng định tâm có đường kính trong 40mm: vừa với CH1540 trên bộ giữ F510-4104,"11,667.00",JPY,80%
155,RGK0000090699600,9069-9600,RIGAKU,RGK,Tinh thể LiF(420) cho Zn - Cm: độ phân giải rất cao (không có SQX),"113,333.00",JPY,80%
156,RGK0000090699800,9069-9800,RIGAKU,RGK,"Tinh thể RX85 cho B và Be; yêu cầu khe mở rộng, độ nhạy cao hơn RX75","558,114.00",JPY,80%
157,RGK0000090850068,9085-0068,RIGAKU,RGK,Giá đỡ mẫu dành riêng cho mẫu chất lỏng,"85,654.00",JPY,80%
158,RGK0000092310038,9231-0038,RIGAKU,RGK,Giá đỡ mẫu để phân tích Bản đồ/Điểm có lỗ mở Φ30mm,"54,114.00",JPY,80%
159,RGK0000092310039,9231-0039,RIGAKU,RGK,Giá đỡ mẫu để phân tích Bản đồ/Điểm có lỗ mở Φ20mm,"70,374.00",JPY,80%
160,RGK0000092310040,9231-0040,RIGAKU,RGK,Giá đỡ mẫu để phân tích Bản đồ/Điểm có lỗ mở Φ10mm,"79,963.00",JPY,80%
161,RGK000009407F202,9407F202,RIGAKU,RGK,X ray tube A-21Cu1kW,"487,803.00",JPY,80%
162,RGK00000C3630044,C363-0044,RIGAKU,RGK,"Low background sample holder for ASC, φ10x0.2, 2pcs/set","152,150.00",JPY,80%
163,RGK00000C3630045,C363-0045,RIGAKU,RGK,"Low background sample holder for ASC, φ5x0.2, 2pcs/set","134,850.00",JPY,80%
164,RGK00000F5100030,F510-0030,RIGAKU,RGK,Hệ thống đọc mã,"439,376.00",JPY,80%
165,RGK00000F5104101,F510-4101,RIGAKU,RGK,Giá đỡ mẫu chất lỏng chuyên dụng cho cơ chế phát hiện,"14,000.00",JPY,80%
166,RGK00000F5610023,F561-0023,RIGAKU,RGK,Khe siêu mịn; với độ phân giải cao hơn,"335,381.00",JPY,80%
167,RGK00000V6421301,V642-1301,RIGAKU,RGK,Vòng cân (thép không gỉ) có đường kính trong 32mm và côn,"4,502.00",JPY,80%
168,RGK00000V6427112,V642-7112,RIGAKU,RGK,Bộ hỗ trợ vận chuyển mẫu,"21,000.00",JPY,80%
169,RGK000089973903A,8997-3903A,RIGAKU,RGK,Vòng định tâm (nhựa) có đường kính trong 44mm,"2,451.00",JPY,80%
170,RGK000089973903B,8997-3903B,RIGAKU,RGK,Vòng định tâm (nhựa) có đường kính trong 40mm: vừa với cốc lỏng CH1540 PE,"2,451.00",JPY,80%
171,RGK000089973903C,8997-3903C,RIGAKU,RGK,Vòng định tâm (nhựa) có đường kính trong 36mm,"2,451.00",JPY,80%
172,RGK000089973903D,8997-3903D,RIGAKU,RGK,Vòng định tâm (nhựa) có đường kính trong 32mm,"2,451.00",JPY,80%
173,RGK000089973903E,8997-3903E,RIGAKU,RGK,Vòng định tâm (nhựa) có đường kính trong 26mm,"2,451.00",JPY,80%
174,RGK000089973903F,8997-3903F,RIGAKU,RGK,Vòng định tâm (nhựa) có đường kính trong 16mm,"2,451.00",JPY,80%
175,RGK000092320901K,9232-0901K,RIGAKU,RGK,Mặt nạ giữ mẫu SS Φ27: có đường kính mở 27mm,"6,476.00",JPY,80%
176,RGK0000A00002242,A00002242,RIGAKU,RGK,SLSII Powder XRD plug-in Qualitative analysis,"221,088.00",JPY,80%
177,RGK0000A00002243,A00002243,RIGAKU,RGK,SLSII Powder XRD plug-in Quantitative analysis,"170,068.00",JPY,80%
178,RGK0000A00002244,A00002244,RIGAKU,RGK,SLSII Powder XRD plug-in Application analysis,"272,109.00",JPY,80%
179,RGK0000A00002245,A00002245,RIGAKU,RGK,SLSII Powder XRD plug-in Rietveld analysis,"272,109.00",JPY,80%
180,RGK0000A00002930,A00002930,RIGAKU,RGK,Chương trình báo cáo phân tích yếu tố nguy hiểm,"126,984.00",JPY,80%
181,RGK0000A00003316,A00003316,RIGAKU,RGK,Bộ phụ kiện cơ bản,"66,187.00",JPY,80%
182,RGK0000A00003948,A00003948,RIGAKU,RGK,Lập bản đồ/Phân tích điểm và quan sát mẫu CCD,"597,703.00",JPY,80%
183,RGK0000A00003994,A00003994,RIGAKU,RGK,"Thay thế các tinh thể cong bằng tinh thể phẳng (PET, Ge)","192,203.00",JPY,80%
184,RGK0000A00004099,A00004099,RIGAKU,RGK,Bơm chân không (2 bộ); hãng Ulvac,"484,646.00",JPY,80%
185,RGK0000A00004279,A00004279,RIGAKU,RGK,Bộ phụ kiện cơ bản,"81,143.00",JPY,80%
186,RGK0000A00004675,A00004675,RIGAKU,RGK,"Gói hiệu chuẩn ""Oxide-FB-PAK"";","706,619.00",JPY,80%
187,RGK0000A00005002,A00005002,RIGAKU,RGK,S-PC LE; F-PC được thay thế bằng S-PC.,"2,713,333.00",JPY,80%
188,RGK0000A00005186,A00005186,RIGAKU,RGK,Giấy phép thứ hai của phần mềm; bao gồm một khóa cứng bảo vê,"46,530.00",JPY,80%
189,RGK0000A00005187,A00005187,RIGAKU,RGK,Giấy phép thứ hai của phần mềm Supermini200; bao gồm một phím bảo vệ,"65,067.00",JPY,80%
190,RGK0000A00005217,A00005217,RIGAKU,RGK,Hệ chuyển đổi 96 vị trí,"2,511,737.00",JPY,80%
191,RGK0000A00006432,A00006432,RIGAKU,RGK,"Kênh Be-Kα: RX85, F-PC; cho đồng berili","1,007,569.00",JPY,80%
192,RGK0000A00006435,A00006435,RIGAKU,RGK,"Kênh B-Kα: RX75, F-PC","833,446.00",JPY,80%
193,RGK0000A00006436,A00006436,RIGAKU,RGK,"Kênh C-Kα: RX61, F-PC","725,563.00",JPY,80%
194,RGK0000A00006437,A00006437,RIGAKU,RGK,"Kênh F-Kα: RX35, F-PC","643,805.00",JPY,80%
195,RGK0000A00006438,A00006438,RIGAKU,RGK,"Kênh F-Kα: TAP, F-PC; đối với xỉ chứa Fe và Mn","671,089.00",JPY,80%
196,RGK0000A00006439,A00006439,RIGAKU,RGK,"Kênh Na-Kα: RX35, F-PC","729,911.00",JPY,80%
197,RGK0000A00006440,A00006440,RIGAKU,RGK,"Kênh Na-Kα: TAP, F-PC; cho vật liệu chịu lửa magiê","729,911.00",JPY,80%
198,RGK0000A00006441,A00006441,RIGAKU,RGK,"Kênh Mg-Kα: RX35, F-PC","698,571.00",JPY,80%
199,RGK0000A00006442,A00006442,RIGAKU,RGK,"Kênh Mg-Kα: RX35, S-PC; Cường độ là 50% với FPC","698,571.00",JPY,80%
200,RGK0000A00006443,A00006443,RIGAKU,RGK,"Kênh Mg-Kα: TAP, F-PC; cho mẫu kim loại, vật liệu chịu lửa alumina","698,571.00",JPY,80%
201,RGK0000A00006444,A00006444,RIGAKU,RGK,"Kênh Al-Kα: PET, F-PC","826,283.00",JPY,80%
202,RGK0000A00006445,A00006445,RIGAKU,RGK,Bộ suy giảm cho kênh Al-Kα (A00006444),"43,929.00",JPY,80%
203,RGK0000A00006446,A00006446,RIGAKU,RGK,"Kênh Al-Kα: PET, S-PC; Cường độ là 70% với FPC","605,893.00",JPY,80%
204,RGK0000A00006447,A00006447,RIGAKU,RGK,Bộ suy giảm cho kênh Al-Kα (A00006446),"43,929.00",JPY,80%
205,RGK0000A00006448,A00006448,RIGAKU,RGK,"Kênh Si-Kα: RX4, F-PC","907,254.00",JPY,80%
206,RGK0000A00006449,A00006449,RIGAKU,RGK,Bộ suy giảm kênh Si-Kα (A00006448),"27,054.00",JPY,80%
207,RGK0000A00006450,A00006450,RIGAKU,RGK,"Kênh Si-Kα: RX4, S-PC; Cường độ là 80% với FPC","640,179.00",JPY,80%
208,RGK0000A00006451,A00006451,RIGAKU,RGK,Bộ suy giảm kênh Si-Kα (A00006450),"43,929.00",JPY,80%
209,RGK0000A00006452,A00006452,RIGAKU,RGK,"Kênh P-Kα: Ge, S-PC","603,214.00",JPY,80%
210,RGK0000A00006453,A00006453,RIGAKU,RGK,Bộ suy giảm cho kênh P-Kα (A00006452),"43,929.00",JPY,80%
211,RGK0000A00006454,A00006454,RIGAKU,RGK,"Kênh S-Kα: NaCl, S-PC","605,893.00",JPY,80%
212,RGK0000A00006455,A00006455,RIGAKU,RGK,Bộ suy giảm kênh S-Kα,"43,929.00",JPY,80%
213,RGK0000A00006456,A00006456,RIGAKU,RGK,"Kênh Cl-Kα: Ge, S-PC","573,214.00",JPY,80%
214,RGK0000A00006457,A00006457,RIGAKU,RGK,Bộ suy giảm kênh Cl-Kα,"43,929.00",JPY,80%
215,RGK0000A00006458,A00006458,RIGAKU,RGK,"Kênh K-Kα: LiF(200), S-PC","525,804.00",JPY,80%
216,RGK0000A00006459,A00006459,RIGAKU,RGK,Bộ suy giảm kênh K-Kα,"43,929.00",JPY,80%
217,RGK0000A00006460,A00006460,RIGAKU,RGK,"Kênh Ca-Kα: LiF(200), S-PC","525,804.00",JPY,80%
218,RGK0000A00006461,A00006461,RIGAKU,RGK,Bộ suy giảm kênh Ca-Kα,"43,929.00",JPY,80%
219,RGK0000A00006462,A00006462,RIGAKU,RGK,"Kênh Ti-Kα: LiF(200), S-PC","525,804.00",JPY,80%
220,RGK0000A00006463,A00006463,RIGAKU,RGK,Bộ suy giảm kênh Ti-Kα,"43,929.00",JPY,80%
221,RGK0000A00006464,A00006464,RIGAKU,RGK,Chức năng đo BG cho kênh Ti-Kα,"120,268.00",JPY,80%
222,RGK0000A00006465,A00006465,RIGAKU,RGK,"Kênh V-Kα: LiF(200), S-PC","473,571.00",JPY,80%
223,RGK0000A00006466,A00006466,RIGAKU,RGK,Bộ suy giảm kênh V-Kα,"43,929.00",JPY,80%
224,RGK0000A00006467,A00006467,RIGAKU,RGK,Chức năng đo BG cho kênh V-Kα,"120,268.00",JPY,80%
225,RGK0000A00006468,A00006468,RIGAKU,RGK,"Kênh Cr-Kα: LiF(200), S-PC","473,571.00",JPY,80%
226,RGK0000A00006469,A00006469,RIGAKU,RGK,Bộ suy giảm kênh Cr-Kα,"43,929.00",JPY,80%
227,RGK0000A00006470,A00006470,RIGAKU,RGK,Chức năng đo BG cho kênh Cr-Kα,"120,268.00",JPY,80%
228,RGK0000A00006471,A00006471,RIGAKU,RGK,"Kênh Mn-Kα: LiF(200), S-PC","473,571.00",JPY,80%
229,RGK0000A00006472,A00006472,RIGAKU,RGK,Bộ suy giảm kênh Mn-Kα,"43,929.00",JPY,80%
230,RGK0000A00006473,A00006473,RIGAKU,RGK,Chức năng đo BG cho kênh Mn-Kα,"120,268.00",JPY,80%
231,RGK0000A00006474,A00006474,RIGAKU,RGK,"Kênh Fe-Kα: LiF(200), S-PC","473,571.00",JPY,80%
232,RGK0000A00006475,A00006475,RIGAKU,RGK,Bộ suy giảm kênh Fe-Kα,"43,929.00",JPY,80%
233,RGK0000A00006476,A00006476,RIGAKU,RGK,Chức năng đo BG cho kênh Fe-Kα,"120,268.00",JPY,80%
234,RGK0000A00006477,A00006477,RIGAKU,RGK,"Kênh Fe-Kβ1: LiF(200), S-PC","473,571.00",JPY,80%
235,RGK0000A00006478,A00006478,RIGAKU,RGK,Bộ suy giảm kênh Fe-Kβ1,"43,929.00",JPY,80%
236,RGK0000A00006479,A00006479,RIGAKU,RGK,Chức năng đo BG cho kênh Fe-Kβ1,"120,268.00",JPY,80%
237,RGK0000A00006480,A00006480,RIGAKU,RGK,"Kênh Co-Kα: LiF(200), S-PC","473,571.00",JPY,80%
238,RGK0000A00006481,A00006481,RIGAKU,RGK,Bộ suy giảm kênh Co-Kα,"43,929.00",JPY,80%
239,RGK0000A00006482,A00006482,RIGAKU,RGK,Chức năng đo BG cho kênh Co-Kα,"120,268.00",JPY,80%
240,RGK0000A00006483,A00006483,RIGAKU,RGK,"Kênh Ni-Kα: LiF(200), S-PC","473,571.00",JPY,80%
241,RGK0000A00006484,A00006484,RIGAKU,RGK,Bộ suy giảm kênh Ni-Kα,"43,929.00",JPY,80%
242,RGK0000A00006485,A00006485,RIGAKU,RGK,Chức năng đo BG cho kênh Ni-Kα,"120,268.00",JPY,80%
243,RGK0000A00006486,A00006486,RIGAKU,RGK,"Kênh Cu-Kα: LiF(200), S-PC","473,571.00",JPY,80%
244,RGK0000A00006487,A00006487,RIGAKU,RGK,Bộ suy giảm kênh Cu-Kα,"43,929.00",JPY,80%
245,RGK0000A00006488,A00006488,RIGAKU,RGK,Chức năng đo BG cho kênh Cu-Kα,"120,268.00",JPY,80%
246,RGK0000A00006489,A00006489,RIGAKU,RGK,"Kênh Zn-Kα: LiF(200), S-PC","473,571.00",JPY,80%
247,RGK0000A00006490,A00006490,RIGAKU,RGK,Bộ suy giảm cho kênh Zn-Kα,"43,929.00",JPY,80%
248,RGK0000A00006491,A00006491,RIGAKU,RGK,Chức năng đo BG cho kênh Zn-Kα,"120,268.00",JPY,80%
249,RGK0000A00006492,A00006492,RIGAKU,RGK,"Kênh Ga-Kα: LiF(200), S-PC","473,571.00",JPY,80%
250,RGK0000A00006493,A00006493,RIGAKU,RGK,Bộ suy giảm kênh Ga-Kα,"43,929.00",JPY,80%
251,RGK0000A00006494,A00006494,RIGAKU,RGK,Chức năng đo BG cho kênh Ga-Kα,"120,268.00",JPY,80%
252,RGK0000A00006495,A00006495,RIGAKU,RGK,"Kênh As-Kα: LiF(200), SC","668,839.00",JPY,80%
253,RGK0000A00006496,A00006496,RIGAKU,RGK,Bộ suy giảm kênh As-Kα,"43,929.00",JPY,80%
254,RGK0000A00006497,A00006497,RIGAKU,RGK,Chức năng đo BG cho kênh As-Kα,"120,268.00",JPY,80%
255,RGK0000A00006498,A00006498,RIGAKU,RGK,"Kênh As-Kβ1: LiF(200), SC","668,839.00",JPY,80%
256,RGK0000A00006499,A00006499,RIGAKU,RGK,Bộ suy giảm cho kênh As-Kβ1,"43,929.00",JPY,80%
257,RGK0000A00006500,A00006500,RIGAKU,RGK,Chức năng đo BG cho kênh As-Kβ1,"120,268.00",JPY,80%
258,RGK0000A00006501,A00006501,RIGAKU,RGK,"Kênh Se-Kα: LiF(200), SC","668,839.00",JPY,80%
259,RGK0000A00006502,A00006502,RIGAKU,RGK,Bộ suy giảm kênh Se-Kα,"43,929.00",JPY,80%
260,RGK0000A00006503,A00006503,RIGAKU,RGK,Chức năng đo BG cho kênh Se-Kα,"120,268.00",JPY,80%
261,RGK0000A00006504,A00006504,RIGAKU,RGK,"Kênh Sr-Kα: LiF(200), SC","668,839.00",JPY,80%
262,RGK0000A00006505,A00006505,RIGAKU,RGK,Bộ suy giảm kênh Sr-Kα,"43,929.00",JPY,80%
263,RGK0000A00006506,A00006506,RIGAKU,RGK,Chức năng đo BG cho kênh Sr-Kα,"120,268.00",JPY,80%
264,RGK0000A00006507,A00006507,RIGAKU,RGK,"Kênh Y-Kα: LiF(200), SC","668,839.00",JPY,80%
265,RGK0000A00006508,A00006508,RIGAKU,RGK,Bộ suy giảm kênh Y-Kα,"43,929.00",JPY,80%
266,RGK0000A00006509,A00006509,RIGAKU,RGK,Chức năng đo BG cho kênh Y-Kα,"120,268.00",JPY,80%
267,RGK0000A00006510,A00006510,RIGAKU,RGK,"Kênh Zr-Kα: LiF(200), SC","668,839.00",JPY,80%
268,RGK0000A00006511,A00006511,RIGAKU,RGK,Bộ suy giảm cho kênh Zr-Kα,"43,929.00",JPY,80%
269,RGK0000A00006512,A00006512,RIGAKU,RGK,Chức năng đo BG cho kênh Zr-Kα,"120,268.00",JPY,80%
270,RGK0000A00006513,A00006513,RIGAKU,RGK,"Kênh Nb-Kα: LiF(200), SC","668,839.00",JPY,80%
271,RGK0000A00006514,A00006514,RIGAKU,RGK,Bộ suy giảm kênh Nb-Kα,"43,929.00",JPY,80%
272,RGK0000A00006515,A00006515,RIGAKU,RGK,Chức năng đo BG cho kênh Nb-Kα,"120,268.00",JPY,80%
273,RGK0000A00006516,A00006516,RIGAKU,RGK,"Kênh Mo-Kα: LiF(200), SC","668,839.00",JPY,80%
274,RGK0000A00006517,A00006517,RIGAKU,RGK,Bộ suy giảm kênh Mo-Kα,"43,929.00",JPY,80%
275,RGK0000A00006518,A00006518,RIGAKU,RGK,Chức năng đo BG cho kênh Mo-Kα,"120,268.00",JPY,80%
276,RGK0000A00006519,A00006519,RIGAKU,RGK,"Kênh Rh-Kα: LiF(200), SC","668,839.00",JPY,80%
277,RGK0000A00006520,A00006520,RIGAKU,RGK,Chức năng đo BG cho kênh Rh-Kα,"120,268.00",JPY,80%
278,RGK0000A00006521,A00006521,RIGAKU,RGK,"Kênh Pd-Kα: LiF(200), SC","668,839.00",JPY,80%
279,RGK0000A00006522,A00006522,RIGAKU,RGK,Chức năng đo BG cho kênh Pd-Kα,"120,268.00",JPY,80%
280,RGK0000A00006523,A00006523,RIGAKU,RGK,"Kênh Ag-Kα: LiF(200), SC","668,839.00",JPY,80%
281,RGK0000A00006524,A00006524,RIGAKU,RGK,Chức năng đo BG cho kênh Ag-Kα,"120,268.00",JPY,80%
282,RGK0000A00006525,A00006525,RIGAKU,RGK,"Kênh Cd-Kα: LiF(200), SC","668,839.00",JPY,80%
283,RGK0000A00006526,A00006526,RIGAKU,RGK,Chức năng đo BG cho kênh Cd-Kα,"120,268.00",JPY,80%
284,RGK0000A00006527,A00006527,RIGAKU,RGK,"Kênh In-Kα: LiF(200), SC","668,839.00",JPY,80%
285,RGK0000A00006528,A00006528,RIGAKU,RGK,Bộ suy giảm cho kênh In-Kα,"43,929.00",JPY,80%
286,RGK0000A00006529,A00006529,RIGAKU,RGK,Chức năng đo BG cho kênh In-Kα,"120,268.00",JPY,80%
287,RGK0000A00006530,A00006530,RIGAKU,RGK,"Kênh Sn-Kα: LiF(200), SC","668,839.00",JPY,80%
288,RGK0000A00006531,A00006531,RIGAKU,RGK,Bộ suy giảm kênh Sn-Kα,"43,929.00",JPY,80%
289,RGK0000A00006532,A00006532,RIGAKU,RGK,Chức năng đo BG cho kênh Sn-Kα,"120,268.00",JPY,80%
290,RGK0000A00006533,A00006533,RIGAKU,RGK,"Kênh Sn-Lα: LiF(200), S-PC; cho tấm thép mạ / mạ kẽm","668,839.00",JPY,80%
291,RGK0000A00006535,A00006535,RIGAKU,RGK,"Kênh Sb-Kα: LiF(200), SC","668,839.00",JPY,80%
292,RGK0000A00006536,A00006536,RIGAKU,RGK,Bộ suy hao cho kênh Sb-Kα,"43,929.00",JPY,80%
293,RGK0000A00006537,A00006537,RIGAKU,RGK,Chức năng đo BG cho kênh Sb-Kα,"120,268.00",JPY,80%
294,RGK0000A00006538,A00006538,RIGAKU,RGK,"Kênh Te-Lα: LiF(200), S-PC","525,804.00",JPY,80%
295,RGK0000A00006539,A00006539,RIGAKU,RGK,"Kênh I-Lα: LiF(200), S-PC","525,804.00",JPY,80%
296,RGK0000A00006540,A00006540,RIGAKU,RGK,"Kênh Ba-Lα: LiF(200), S-PC","525,804.00",JPY,80%
297,RGK0000A00006542,A00006542,RIGAKU,RGK,Bộ suy giảm kênh Ba-Lα,"43,929.00",JPY,80%
298,RGK0000A00006544,A00006544,RIGAKU,RGK,"Kênh La-Lα: LiF(200), S-PC","525,804.00",JPY,80%
299,RGK0000A00006545,A00006545,RIGAKU,RGK,"Kênh La-Lβ1: LiF(200), S-PC","473,571.00",JPY,80%
300,RGK0000A00006547,A00006547,RIGAKU,RGK,"Kênh Ce-Lα: LiF(200), S-PC","473,571.00",JPY,80%
301,RGK0000A00006549,A00006549,RIGAKU,RGK,"Kênh Ce-Lβ1: LiF(200), S-PC","473,571.00",JPY,80%
302,RGK0000A00006551,A00006551,RIGAKU,RGK,"Kênh Pr-Lα: LiF(200), S-PC","473,571.00",JPY,80%
303,RGK0000A00006553,A00006553,RIGAKU,RGK,"Kênh Pr-Lβ1: LiF(200), S-PC","473,571.00",JPY,80%
304,RGK0000A00006555,A00006555,RIGAKU,RGK,"Kênh Nd-Lα: LiF(200), S-PC","473,571.00",JPY,80%
305,RGK0000A00006558,A00006558,RIGAKU,RGK,"Kênh Nd-Lβ1: LiF(200), S-PC","473,571.00",JPY,80%
306,RGK0000A00006560,A00006560,RIGAKU,RGK,Bộ suy giảm cho kênh Nd-Lβ1,"43,929.00",JPY,80%
307,RGK0000A00006562,A00006562,RIGAKU,RGK,"Kênh Sm-Lα: LiF(200), S-PC","473,571.00",JPY,80%
308,RGK0000A00006564,A00006564,RIGAKU,RGK,"Kênh Sm-Lβ1: LiF(200), S-PC","473,571.00",JPY,80%
309,RGK0000A00006566,A00006566,RIGAKU,RGK,"Kênh Gd-Lα: LiF(200), S-PC","473,571.00",JPY,80%
310,RGK0000A00006568,A00006568,RIGAKU,RGK,"Kênh Gd-Lβ1: LiF(200), S-PC","473,571.00",JPY,80%
311,RGK0000A00006570,A00006570,RIGAKU,RGK,"Kênh Tb-Lα: LiF(200), S-PC","473,571.00",JPY,80%
312,RGK0000A00006572,A00006572,RIGAKU,RGK,"Kênh Dy-Lα: LiF(200), S-PC","473,571.00",JPY,80%
313,RGK0000A00006574,A00006574,RIGAKU,RGK,"Kênh Dy-Lβ1: LiF(200), S-PC","473,571.00",JPY,80%
314,RGK0000A00006576,A00006576,RIGAKU,RGK,"Kênh Hf-Lα: LiF(200), S-PC","473,571.00",JPY,80%
315,RGK0000A00006577,A00006577,RIGAKU,RGK,"Kênh Hf-Lβ1: LiF(200), S-PC","473,571.00",JPY,80%
316,RGK0000A00006578,A00006578,RIGAKU,RGK,"Kênh Ta-Lα: LiF(200), S-PC","473,571.00",JPY,80%
317,RGK0000A00006579,A00006579,RIGAKU,RGK,"Kênh W-Lα: LiF(200), S-PC","473,571.00",JPY,80%
318,RGK0000A00006580,A00006580,RIGAKU,RGK,"Kênh Pt-Lα: LiF(200), S-PC","473,571.00",JPY,80%
319,RGK0000A00006581,A00006581,RIGAKU,RGK,Bộ suy giảm cho kênh Pt-Lα,"43,929.00",JPY,80%
320,RGK0000A00006582,A00006582,RIGAKU,RGK,Chức năng đo BG cho kênh Pt-Lα,"120,268.00",JPY,80%
321,RGK0000A00006583,A00006583,RIGAKU,RGK,"Kênh Au-Lα: LiF(200), S-PC","473,571.00",JPY,80%
322,RGK0000A00006584,A00006584,RIGAKU,RGK,Bộ suy giảm kênh Au-Lα,"43,929.00",JPY,80%
323,RGK0000A00006585,A00006585,RIGAKU,RGK,Chức năng đo BG cho kênh Au-Lα,"120,268.00",JPY,80%
324,RGK0000A00006586,A00006586,RIGAKU,RGK,"Kênh Pb-Lβ1: LiF(200), SC","668,839.00",JPY,80%
325,RGK0000A00006587,A00006587,RIGAKU,RGK,Bộ suy giảm cho kênh Pb-Lβ1,"43,929.00",JPY,80%
326,RGK0000A00006588,A00006588,RIGAKU,RGK,Chức năng đo BG cho kênh Pb-Lβ1,"120,268.00",JPY,80%
327,RGK0000A00006589,A00006589,RIGAKU,RGK,"Kênh Bi-Lα: LiF(200), SC","668,839.00",JPY,80%
328,RGK0000A00006590,A00006590,RIGAKU,RGK,Bộ suy giảm kênh Bi-Lα,"43,929.00",JPY,80%
329,RGK0000A00006591,A00006591,RIGAKU,RGK,Chức năng đo BG cho kênh Bi-Lα,"120,268.00",JPY,80%
330,RGK0000A00006594,A00006594,RIGAKU,RGK,"Kênh B-Kα: Độ nhạy cao RX85, F-PC; tăng 60%","2,133,750.00",JPY,80%
331,RGK0000A00006595,A00006595,RIGAKU,RGK,"Kênh C-Kα: độ nhạy cao RX61H, F-PC; tăng 40%","1,717,500.00",JPY,80%
332,RGK0000A00006598,A00006598,RIGAKU,RGK,"Kênh P-Kα: RX6, S-PC; cho P (<100ppm) trong hợp kim đồng","693,367.00",JPY,80%
333,RGK0000A00006599,A00006599,RIGAKU,RGK,"Kênh Zr-Lα: Ge, S-PC; đối với phương pháp tổng hợp","490,923.00",JPY,80%
334,RGK0000A00006600,A00006600,RIGAKU,RGK,"Kênh Rh-Kα Compton: LiF(200), SC","668,839.00",JPY,80%
335,RGK0000A00006601,A00006601,RIGAKU,RGK,"Kênh W-Lβ1: LiF(200), S-PC; cho hợp kim gốc niken","473,571.00",JPY,80%
336,RGK0000A00006606,A00006606,RIGAKU,RGK,Cơ chế làm sạch đường ống khí P10 và dây trung tâm,"93,943.00",JPY,80%
337,RGK0000A00006631,A00006631,RIGAKU,RGK,Thiết bị quang phổ huỳnh quang tia X Simultix15 (Đa kênh) [4kW],"11,184,012.00",JPY,80%
338,RGK0000A00006632,A00006632,RIGAKU,RGK,Thiết bị quang phổ huỳnh quang tia X Simultix15 (Đa kênh) [3kW],"10,503,967.00",JPY,80%
339,RGK0000A00006633,A00006633,RIGAKU,RGK,Thiết bị quang phổ huỳnh quang tia X Simultix15 (Đa kênh) [40kênh],"14,831,729.00",JPY,80%
340,RGK0000A00006634,A00006634,RIGAKU,RGK,Màng ngăn có đường kính 30 mm,0.00,JPY,80%
341,RGK0000A00006635,A00006635,RIGAKU,RGK,Màng ngăn có đường kính 25 mm,0.00,JPY,80%
342,RGK0000A00006636,A00006636,RIGAKU,RGK,"Bộ lọc Ni400: Để loại bỏ Rh-Kα, cho Ru, Rh, Pd, Ag hoặc Cd","126,656.00",JPY,80%
343,RGK0000A00006637,A00006637,RIGAKU,RGK,"Lọc Ni40: Cải thiện tỷ lệ pic/BG cho Cu – Mo hoặc REE nặng, Pb, Bi","68,768.00",JPY,80%
344,RGK0000A00006638,A00006638,RIGAKU,RGK,Bộ lọc Ti20: Để cải thiện tỷ lệ đỉnh/BG cho V–Ni hoặc REE nhẹ,"27,054.00",JPY,80%
345,RGK0000A00006639,A00006639,RIGAKU,RGK,"Lọc Al25: Để khử Rh-Lα, cho Cd (Lα), Cl","27,054.00",JPY,80%
346,RGK0000A00006640,A00006640,RIGAKU,RGK,APC (Điều khiển áp suất tự động); Rất hiệu quả để phân tích phần tử siêu nhẹ,"86,670.00",JPY,80%
347,RGK0000A00006643,A00006643,RIGAKU,RGK,ASC48 (Bộ thay đổi mẫu tự động 48 mẫu X-Y),"2,249,721.00",JPY,80%
348,RGK0000A00006644,A00006644,RIGAKU,RGK,Chương trình phương pháp FP,"535,714.00",JPY,80%
349,RGK0000A00006645,A00006645,RIGAKU,RGK,Chức năng hiệu chỉnh chồng chéo lượng tử FP,"26,786.00",JPY,80%
350,RGK0000A00006646,A00006646,RIGAKU,RGK,Phương pháp phân tán lượng tử FP,"26,786.00",JPY,80%
351,RGK0000A00006647,A00006647,RIGAKU,RGK,Đăng ký độ nhạy thư viện để phân tích số lượng quét (không chuẩn),"60,804.00",JPY,80%
352,RGK0000A00006648,A00006648,RIGAKU,RGK,Chức năng hiệu chỉnh hạt Fusion,"66,964.00",JPY,80%
353,RGK0000A00006649,A00006649,RIGAKU,RGK,Chương trình lập bảng,"133,929.00",JPY,80%
354,RGK0000A00006650,A00006650,RIGAKU,RGK,Khả năng tương thích LIMS,"120,536.00",JPY,80%
355,RGK0000A00006653,A00006653,RIGAKU,RGK,Bộ hướng dẫn sử dụng giấy bổ sung (tiếng Anh),0.00,JPY,80%
356,RGK0000A00006657,A00006657,RIGAKU,RGK,Bộ hướng dẫn sử dụng CD-R bổ sung (tiếng Anh),0.00,JPY,80%
357,RGK0000A00006662,A00006662,RIGAKU,RGK,Kênh đo góc quét nhóm nguyên tố nặng,"1,304,196.00",JPY,80%
358,RGK0000A00006663,A00006663,RIGAKU,RGK,Bộ suy giảm cho kênh quét nhóm nguyên tố nặng,"58,393.00",JPY,80%
359,RGK0000A00006667,A00006667,RIGAKU,RGK,Cơ cấu truyền động cho chức năng đo suy hao/BG,"465,083.00",JPY,80%
360,RGK0000A00006712,A00006712,RIGAKU,RGK,Giấy phép thứ hai của phần mềm Simultix; không có chìa khóa bảo vệ,"39,597.00",JPY,80%
361,RGK0000A00006733,A00006733,RIGAKU,RGK,Bộ phụ kiện cơ bản,"148,500.00",JPY,80%
362,RGK0000A00007458,A00007458,RIGAKU,RGK,ASC-8,"685,635.00",JPY,80%
363,RGK0000A00007469,A00007469,RIGAKU,RGK,D/teX Ultra2 for MiniFlex,"892,510.00",JPY,80%
364,RGK0000A00007484,A00007484,RIGAKU,RGK,"High resolution slit set, Low angle","266,481.00",JPY,80%
365,RGK0000A00007807,A00007807,RIGAKU,RGK,ASC sample forming jig,"26,905.00",JPY,80%
366,RGK0000A00008278,A00008278,RIGAKU,RGK,Thiết bị quang phổ huỳnh quang tia X Simultix15 (Đa kênh) [GA],"21,442,671.00",JPY,80%
367,RGK0000A00008279,A00008279,RIGAKU,RGK,Thiết bị quang phổ huỳnh quang tia X Simultix15 (Đa kênh) [BT],"21,243,654.00",JPY,80%
368,RGK0000A00008281,A00008281,RIGAKU,RGK,"Bộ lọc Ni200: đối với GI (mạ kẽm), khối lượng lớp phủ 300 g/m2 trở xuống","27,054.00",JPY,80%
369,RGK0000A00008285,A00008285,RIGAKU,RGK,Thiết bị quang phổ huỳnh quang tia X Simultix15 (Đa kênh) [FeO],"15,056,957.00",JPY,80%
370,RGK0000A00008445,A00008445,RIGAKU,RGK,Máy nạp mẫu tự động với băng tải dài,"3,501,082.00",JPY,80%
371,RGK0000A00008446,A00008446,RIGAKU,RGK,Máy nạp mẫu tự động với băng tải ngắn,"3,419,677.00",JPY,80%
372,RGK0000A00008447,A00008447,RIGAKU,RGK,Phần mềm vận hành tự động hóa,"80,357.00",JPY,80%
373,RGK0000A00008622,A00008622,RIGAKU,RGK,Thiết bị quang phổ huỳnh quang tia X Simultix15 (Đa kênh) [f.CaO],"16,222,765.00",JPY,80%
374,RGK0000A00009500,A00009500,RIGAKU,RGK,Chức năng phát hiện bộ giữ mẫu chất lỏng,"272,817.00",JPY,80%
375,RGK0000A00009900,A00009900,RIGAKU,RGK,Giá đỡ mẫu cho mẫu Φ52mm cho Tự động hóa,"320,619.00",JPY,80%
376,RGK0000A00009923,A00009923,RIGAKU,RGK,Chương trình vận hành tự động,"47,619.00",JPY,80%
377,RGK0000A00010027,A00010027,RIGAKU,RGK,IQOQ IQ Standard Operation Procedure,"165,344.00",JPY,80%
378,RGK0000A00010028,A00010028,RIGAKU,RGK,IQOQ OQ Standard Operation Procedure,"165,344.00",JPY,80%
379,RGK0000A00010314,A00010314,RIGAKU,RGK,Khay giữ mẫu ASC: 12 vị trí trên mỗi khay,"35,762.00",JPY,80%
380,RGK0000A00010643,A00010643,RIGAKU,RGK,SLSII Main (1 Local for MF only) *Included in the Main unit only for Miniflex600,"27,211.00",JPY,80%
381,RGK0000A00010712,A00010712,RIGAKU,RGK,SLSII Powder XRD plug-in DDMethod,"170,068.00",JPY,80%
382,RGK0000A00010784,A00010784,RIGAKU,RGK,Leakage detection mechanism Option,"86,009.00",JPY,80%
383,RGK0000A00010821,A00010821,RIGAKU,RGK,MiniFlex 600-C overseas,"4,643,472.00",JPY,80%
384,RGK0000A00011225,A00011225,RIGAKU,RGK,"Gói hiệu chuẩn ""GEO-TRACE-PAK"";","822,540.00",JPY,80%
385,RGK0000A00011245,A00011245,RIGAKU,RGK,"Bộ giữ mẫu dành cho môi trường chân không phù hợp với đường kính mẫu 51,5 mm","18,900.00",JPY,80%
386,RGK0000A00011785,A00011785,RIGAKU,RGK,Chức năng phát hiện bộ giữ mẫu chất lỏng,0.00,JPY,80%
387,RGK0000A00011819,A00011819,RIGAKU,RGK,"Bộ màng tiêu chuẩn; Đường kính 35, 30, 20, 10, 1, 0,5 mm","68,571.00",JPY,80%
388,RGK0000A00011820,A00011820,RIGAKU,RGK,"Bộ màng ngăn tùy chọn; Đường kính 35, 30, 20, 10, 3, 1 mm","68,571.00",JPY,80%
389,RGK0000A00011821,A00011821,RIGAKU,RGK,"Bộ màng ngăn tùy chọn; Đường kính 35, 30, 20, 10, 3, 0,5 mm","68,571.00",JPY,80%
390,RGK0000A00011822,A00011822,RIGAKU,RGK,"Bộ màng ngăn tùy chọn; Đường kính 35, 27, 20, 10, 1, 0,5 mm","68,571.00",JPY,80%
391,RGK0000A00011826,A00011826,RIGAKU,RGK,Bơm chân không (1 bộ),"273,968.00",JPY,80%
392,RGK0000A00011830,A00011830,RIGAKU,RGK,Khay giữ màu (màu xanh lam) cho ASC: 12 vị trí trên mỗi khay,"62,717.00",JPY,80%
393,RGK0000A00011857,A00011857,RIGAKU,RGK,"Bộ màng ngăn tùy chọn; Đường kính 35, 27, 20, 10, 3, 1 mm","68,571.00",JPY,80%
394,RGK0000A00011858,A00011858,RIGAKU,RGK,"Bộ màng ngăn tùy chọn; Đường kính 35, 27, 20, 10, 3, 0,5 mm","68,571.00",JPY,80%
395,RGK0000A00011928,A00011928,RIGAKU,RGK,Lập bản đồ/Phân tích điểm và quan sát mẫu CCD,"498,086.00",JPY,80%
396,RGK0000A00011930,A00011930,RIGAKU,RGK,Bộ công cụ đăng ký mẫu màng cho hiệu chỉnh mẫu màng,"55,238.00",JPY,80%
397,RGK0000A00011931,A00011931,RIGAKU,RGK,Bộ phụ kiện cơ bản,"115,000.00",JPY,80%
398,RGK0000A00012052,A00012052,RIGAKU,RGK,"Bộ phụ kiện của phương pháp FP phân tán cho Chất lỏng, Nguồn và Polymer","95,873.00",JPY,80%
399,RGK0000A00012053,A00012053,RIGAKU,RGK,Bộ phụ kiện của Phương pháp Scatter FP cho nguồn điện và Polymer,"55,238.00",JPY,80%
400,RGK0000A00012243,A00012243,RIGAKU,RGK,Thiết bị huỳnh quang tia X Model ZSX Primus IV loại ống phát bên trên 4kW hệ chân không,"17,304,283.00",JPY,80%
401,RGK0000A00012244,A00012244,RIGAKU,RGK,Thiết bị huỳnh quang tia X Model ZSX Primus IV loại ống phát bên trên 3kW hệ chân không,"16,543,320.00",JPY,80%
402,RGK0000A00012245,A00012245,RIGAKU,RGK,Thiết bị huỳnh quang tia X Model ZSX Primus IV loại ống phát bên trên 4kW hệ chân không/ Heli,"17,764,023.00",JPY,80%
403,RGK0000A00012246,A00012246,RIGAKU,RGK,Thiết bị huỳnh quang tia X Model ZSX Primus IV loại ống phát bên trên 3kW hệ chân không/ heli,"17,003,060.00",JPY,80%
404,RGK0000A00012247,A00012247,RIGAKU,RGK,"Bộ tinh thể tùy chọn #1: LiF(200), RX9 và RX26","535,516.00",JPY,80%
405,RGK0000A00012248,A00012248,RIGAKU,RGK,"Bộ tinh thể tùy chọn #2: LiF(200), Ge và RX26","368,623.00",JPY,80%
406,RGK0000A00012253,A00012253,RIGAKU,RGK,"Kênh Al-Kα: RX26, F-PC; cho cấu hình BaTiO3","1,031,250.00",JPY,80%
407,RGK0000A00012255,A00012255,RIGAKU,RGK,Thiết bị huỳnh quang tia X Model Supermini200 hệ chân không,"10,390,791.00",JPY,80%
408,RGK0000A00012256,A00012256,RIGAKU,RGK,Thiết bị huỳnh quang tia X Model Supermini200 hệ Heli,"10,390,791.00",JPY,80%
409,RGK0000A00012257,A00012257,RIGAKU,RGK,"Thiết bị huỳnh quang tia X Model Supermini200 hệ chân không, đầu dò S-PC","12,919,530.00",JPY,80%
410,RGK0000A00012650,A00012650,RIGAKU,RGK,Bơm chân không Edwards (1 bộ),"510,270.00",JPY,80%
411,RGK0000A00012651,A00012651,RIGAKU,RGK,"Bơm chân không (2 bộ); hãng Edwards, RV8 Một pha 200 V","810,857.00",JPY,80%
412,RGK0000A00012690,A00012690,RIGAKU,RGK,Kênh đo góc quét nhóm nguyên tố nặng và nhẹ,"3,080,357.00",JPY,80%
413,RGK0000A00013269,A00013269,RIGAKU,RGK,Nắp cổng đầu vào để tải thủ công,"236,905.00",JPY,80%
414,RGK0000A00013345,A00013345,RIGAKU,RGK,Khay mẫu có đường kính 40 mm. mẫu: 24 vị trí trên mỗi khay,"84,048.00",JPY,80%
415,RGK0000A00013346,A00013346,RIGAKU,RGK,Khay đựng mẫu có đường kính 35 mm. mẫu: 32 vị trí trên mỗi khay,"91,190.00",JPY,80%
416,RGK0000A00013366,A00013366,RIGAKU,RGK,"Gói hiệu chuẩn ""OIL-MULTI-PAK"";","1,090,740.00",JPY,80%
417,RGK0000A00013395,A00013395,RIGAKU,RGK,Thiết bị huỳnh quang tia X Model ZSX Primus IVi loại ống phát 4kW bên dưới hệ chân không,"16,647,857.00",JPY,80%
418,RGK0000A00013396,A00013396,RIGAKU,RGK,Thiết bị huỳnh quang tia X Model ZSX Primus IVi loại ống phát 3kW bên dưới hệ chân không,"15,847,619.00",JPY,80%
419,RGK0000A00013397,A00013397,RIGAKU,RGK,Thiết bị huỳnh quang tia X Model ZSX Primus IVi loại ống phát 4kW bên dưới hệ chân không/ Heli,"16,862,143.00",JPY,80%
420,RGK0000A00013398,A00013398,RIGAKU,RGK,Thiết bị huỳnh quang tia X Model ZSX Primus IVi loại ống phát 3kW bên dưới hệ chân không/ heli,"15,990,714.00",JPY,80%
421,RGK0000A00014619,A00014619,RIGAKU,RGK,Thiết bị huỳnh quang tia X Model Supermini200 hệ chân không cho đường kính mẫu 51.5,"10,390,791.00",JPY,80%
422,RGK0000A00014620,A00014620,RIGAKU,RGK,Thiết bị huỳnh quang tia X Model Supermini200 hệ Heli cho đường kính mẫu 51.5,"10,390,791.00",JPY,80%
423,RGK0000A00014621,A00014621,RIGAKU,RGK,"Thiết bị huỳnh quang tia X Model Supermini200 hệ chân không cho đường kính mẫu 51.5, đầu dò S-PC","12,919,530.00",JPY,80%
424,RGK0000A00014622,A00014622,RIGAKU,RGK,Bộ lọc Be để bảo vệ ống tia X,"167,143.00",JPY,80%
425,RGK0000A00014667,A00014667,RIGAKU,RGK,"Bộ giữ mẫu cho môi trường heli và chân không với đường kính 51,5mm. vật mẫu","20,585.00",JPY,80%
426,RGK0000A00014688,A00014688,RIGAKU,RGK,Bảng điều khiển bên ngoài có cửa sổ của băng tải,"250,238.00",JPY,80%
427,RGK0000A00014690,A00014690,RIGAKU,RGK,Nút chặn mẫu (lối vào bên cạnh); với một cảm biến để lấy mẫu,"175,238.00",JPY,80%
428,RGK0000A00014691,A00014691,RIGAKU,RGK,Nút chặn mẫu (lối vào phía sau); với một cảm biến để lấy mẫu,"175,238.00",JPY,80%
429,RGK0000A00014720,A00014720,RIGAKU,RGK,Hệ thống lấy mẫu tự động SSLS (Cơ chế không có người giữ),"1,402,143.00",JPY,80%
430,RGK0000A00014749,A00014749,RIGAKU,RGK,Vòng định tâm cho mẫu nung chảy có đường kính 35mm; 2 chiếc nhẫn/bộ,"7,302.00",JPY,80%
431,RGK0000A00014750,A00014750,RIGAKU,RGK,Vòng định tâm cho mẫu nung chảy có đường kính 40mm; 2 chiếc nhẫn/bộ,"29,629.00",JPY,80%
432,RGK0000A00014751,A00014751,RIGAKU,RGK,Vòng định tâm cho viên bột ép có đường kính 35 mm; 2 chiếc nhẫn/bộ,"8,254.00",JPY,80%
433,RGK0000A00015228,A00015228,RIGAKU,RGK,Chức năng bảo vệ quang học (phân vùng),"101,048.00",JPY,80%
434,RGK0000A00015323,A00015323,RIGAKU,RGK,Phần mềm vận hành tự động hóa,"205,952.00",JPY,80%
435,RGK0000A00016781,A00016781,RIGAKU,RGK,Năng suất cao ASC,"107,143.00",JPY,80%
436,RGK0000A00018415,A00018415,RIGAKU,RGK,Thiết bị huỳnh quang tia X Model ZSX Primus III Next loại ống phát bên trên công suất 3kW hệ chân không,"15,109,890.00",JPY,80%
437,RGK0000A00018553,A00018553,RIGAKU,RGK,Bộ phụ kiện tiêu chuẩn,"95,349.00",JPY,80%
438,RGK0000A00020460,A00020460,RIGAKU,RGK,Bộ công cụ đăng ký mẫu màng cho hiệu chỉnh mẫu màng,"10,476.00",JPY,80%
439,RGK0000M00004581,M00004581,RIGAKU,RGK,Divergence slit DS 1/4deg,"16,845.00",JPY,80%
440,RGK0000M00027324,M00027324,RIGAKU,RGK,Giá đỡ mẫu tiêu chuẩn (cố định mặt nạ mở có đường kính 30mm); NHẬN DẠNG. 52mm,"8,667.00",JPY,80%
441,RGK0000M00027325,M00027325,RIGAKU,RGK,Bộ giữ mẫu không bao gồm mặt nạ; Nhận dạng. 52mm,"7,549.00",JPY,80%
442,RGK0000M00029086,M00029086,RIGAKU,RGK,"Vòng định tâm Al (cao 15 mm) dành cho giá đỡ mẫu phù hợp với đường kính 51,5mm. vật mẫu","6,676.00",JPY,80%
443,RGK0000M00030507,M00030507,RIGAKU,RGK,Mặt nạ giữ mẫu để phân tích lập Bản đồ/Điểm với độ mở Φ30mm,"4,250.00",JPY,80%
444,RGK0000M00031943,M00031943,RIGAKU,RGK,Mặt nạ giữ mẫu để phân tíchpBản đồ/Điểm với độ mở Φ20mm,"4,250.00",JPY,80%
445,RGK0000M00031944,M00031944,RIGAKU,RGK,Mặt nạ giữ mẫu để phân tích lập Bản đồ/Điểm với độ mở Φ10mm,"4,250.00",JPY,80%
446,RGK0000M00040042,M00040042,RIGAKU,RGK,"Vòng thép 51,5 mm hỗ trợ vận chuyển","18,333.00",JPY,80%
447,RGK0000RC0045496,RC0045496,RIGAKU,RGK,Công cụ cài đặt cốc mẫu lỏng RS6600: giúp người dùng đặt cốc mẫu lỏng vào ngăn chứa,"5,717.00",JPY,80%
448,RGK0000RC0046023,RC0046023,RIGAKU,RGK,Bo mạch PCIe RS-232C mở rộng,"72,220.00",JPY,80%
449,RGK0000RC0046229,RC0046229,RIGAKU,RGK,"Nắp cốc mẫu lỏn RS950-A; cho CH1095 và CH2195 trên giá đỡ F510-4104, 2 cái/bộ","29,333.00",JPY,80%
450,RGK0000RC0048249,RC0048249,RIGAKU,RGK,Vòng cân cho mẫu mỏng RS200-G; 2 cái/bộ,"13,804.00",JPY,80%
451,RGK0000RC0051306,RC0051306,RIGAKU,RGK,Powder X-ray Diffractmetry in the Analysis of Materials (Utilization of MiniFlex) English,"14,881.00",JPY,80%
452,RGK0000RC0056876,RC0056876,RIGAKU,RGK,"Cốc mẫu lỏng PE CH2195: 100 cái/bộ, loại bọc ngoài có bình chứa tràn bên trong","61,333.00",JPY,80%
453,RGK0000RC0056878,RC0056878,RIGAKU,RGK,Bộ gá lắp cốc mẫu lỏng CH1095/CH2195,"45,333.00",JPY,80%
454,RGK0000RC0062546,RC0062546,RIGAKU,RGK,PDF-2_2024 New 5yr Master License,"4,064,908.00",JPY,80%
455,RGK0000V6420024M,V642-0024M,RIGAKU,RGK,"Bộ màng đặc biệt; Đường kính 35, 30, 20, 10, 3, 1 mm","119,889.00",JPY,80%
456,RGK0000V6460028M,V646-0028M,RIGAKU,RGK,"Bộ màng đặc biệt; Đường kính 35, 30, 20, 10, 3, 0,5 mm","120,803.00",JPY,80%
457,STARA2115,STARA2115,THERMO,TFL,Máy đo pH để bàn,799.00,USD,100%
458,MES00000CYLINDER,cylinder,MESSER,MES,"Vỏ chai khí 40.2l,hãng Messer","2,500,000.00",VND,100%
459,MES0000000000P10,P10,MESSER,MES,Khí P10,"4,800,000.00",VND,100%
460,VN0000000000ATBX,ATBX,,,Xây Dựng Hồ Sơ An Toàn Bức Xạ,"23,800,000.00",VND,100%
461,TPL0000000TG3468,0TG3468,TP LINK,TPL,Card mạng có dây TP-Link PCI-E TG-3468 (10/100/1000Mbps/ 1 Cổng),"180,909.00",VND,100%
462,TPL00000TLWN822N,TLWN822N,TP LINK,TPL,Card mạng không dây TP-Link USB TL-WN822N (Chuẩn N/ 300Mbps/ 2 Ăng-ten ngoài),"231,818.00",VND,100%
463,SANUPS3C3PRO20KS,UPS3C3PRO20K,SANTAK,SAN,Bộ lưu điện Santak 20kVA 3 pha - 3C3PRO-20KS,"200,000,000.00",VND,100%
464,VN0000000XRFUSE6,XRFUSE6,HTN,VN,Thiết bị nung chảy mẫu tự động 6 vị trí XRFuse 6,"1,734,000,000.00",VND,100%
465,chuan1,chuan1,HTN,VN,Bộ mẫu chuẩn Brammer,"482,400,000.00",VND,100%
466,chuan2,chuan2,HTN,VN,Bộ mẫu chuẩn tinh khiết,"138,520,000.00",VND,100%
467,ORI000E1500B2VG2,ORI000E1500B2VG,ORION,ORI,Thiết bị làm mát tuần hoàn Orion RKE1500B2-V-G2,"157,500,000.00",VND,100%
468,43AS,43AS,PARR,PAR,Cốc chứa mẫu,47.00,USD,100%
469,ORIS1502JMV00000,S1502J-MV-00000,ORION,ORI,Thiết bị làm mát tuần hoàn Orion RKS1502J-MV-00000,"128,850,000.00",VND,100%
470,ausmonsilicat,ausmonsilicat,HTN,VN,Mẫu hiệu chuẩn Ausmon Silicat,"28,000,000.00",VND,100%
471,300AB010,300AB010,RIGAKU,RGK,P-10 gas cylinder regulator with left-hand screw,"48,181.00",JPY,80%
472,A00010089,A00010089,RIGAKU,RGK,RKE1500B2-V-G2-SP-1218 for indoor/outdoor,"2,147,006.00",JPY,80%
473,MTI71027W1,MTI71027W1,DELL,DEL,Máy tính để bàn đồng bộ Dell Inspiron 3030T (Core i7-14700 | 16Gb DDR5 5600MHZ | 512GB SSD | Wifi 6 _ BT 5.2 | 180w |Windows 11 Home),"21,000,000.00",VND,100%
